days,#total,#benign,#fraud,%fraud
0,63270,62310,960,1.5173067804646752
1,71227,70267,960,1.3478035014811798
2,75933,74973,960,1.2642724507131287
3,80568,79608,960,1.1915400655347037
4,83916,82956,960,1.144001144001144
5,86498,85538,960,1.1098522509190962
6,88464,87504,960,1.0851871947911014
7,44767,44287,480,1.0722183751424041
